{"cameraMode":{"drawMode":0,"name":"Shaded","section":"Shading Mode"},"sceneLighting":true,"audioPlay":false,"sceneViewState":{"showFog":true,"showMaterialUpdate":false,"showSkybox":true,"showFlares":true,"showImageEffects":true,"showParticleSystems":true},"in2DMode":false,"pivot":{"x":-31.01959991455078,"y":4.884000301361084,"z":1.6739997863769532},"rotation":{"x":0.04907916486263275,"y":-0.4261857271194458,"z":0.023203356191515924,"w":0.9031038284301758},"size":28.00726318359375,"orthographic":false}