{"cameraMode":{"drawMode":0,"name":"Shaded","section":"Shading Mode"},"sceneLighting":false,"audioPlay":false,"sceneViewState":{"showFog":true,"showMaterialUpdate":false,"showSkybox":true,"showFlares":true,"showImageEffects":true,"showParticleSystems":true},"in2DMode":false,"pivot":{"x":-0.03370022773742676,"y":0.26242637634277346,"z":7.748603820800781e-7},"rotation":{"x":-0.09968707710504532,"y":0.7373591661453247,"z":-0.13545478880405427,"w":-0.6542565226554871},"size":3.3095312118530275,"orthographic":false}