{"cameraMode":{"drawMode":0,"name":"Shaded","section":"Shading Mode"},"sceneLighting":false,"audioPlay":false,"sceneViewState":{"showFog":true,"showMaterialUpdate":false,"showSkybox":true,"showFlares":true,"showImageEffects":true,"showParticleSystems":true},"in2DMode":false,"pivot":{"x":-9.372570991516114,"y":-0.16366742551326753,"z":0.03397035598754883},"rotation":{"x":-0.06000395491719246,"y":-0.6242013573646545,"z":0.028696559369564058,"w":-0.7784512042999268},"size":12.975374221801758,"orthographic":false}