{"cameraMode":{"drawMode":0,"name":"Shaded","section":"Shading Mode"},"sceneLighting":false,"audioPlay":false,"sceneViewState":{"showFog":true,"showMaterialUpdate":false,"showSkybox":true,"showFlares":true,"showImageEffects":true,"showParticleSystems":true},"in2DMode":false,"pivot":{"x":44.9751091003418,"y":10.455334663391114,"z":101.46500396728516},"rotation":{"x":0.0013331396039575339,"y":-0.9988632202148438,"z":0.03928183764219284,"w":0.030974000692367555},"size":10.092001914978028,"orthographic":false}