{"cameraMode":{"drawMode":0,"name":"Shaded","section":"Shading Mode"},"sceneLighting":false,"audioPlay":false,"sceneViewState":{"showFog":true,"showMaterialUpdate":false,"showSkybox":true,"showFlares":true,"showImageEffects":true,"showParticleSystems":true},"in2DMode":false,"pivot":{"x":6.296915054321289,"y":-1.5645123720169068,"z":-4.0075764656066898},"rotation":{"x":0.003485416527837515,"y":-0.9963181018829346,"z":0.04516545683145523,"w":0.07436198741197586},"size":10.274799346923829,"orthographic":false}