{"cameraMode":{"drawMode":0,"name":"Shaded","section":"Shading Mode"},"sceneLighting":false,"audioPlay":false,"sceneViewState":{"showFog":true,"showMaterialUpdate":false,"showSkybox":true,"showFlares":true,"showImageEffects":true,"showParticleSystems":true},"in2DMode":false,"pivot":{"x":-3.783390522003174,"y":12.212963104248047,"z":96.18556213378906},"rotation":{"x":-0.09981639683246613,"y":0.6889883875846863,"z":-0.11847808957099915,"w":-0.7080501914024353},"size":3.0232467651367189,"orthographic":false}