{"cameraMode":{"drawMode":0,"name":"Shaded","section":"Shading Mode"},"sceneLighting":false,"audioPlay":false,"sceneViewState":{"showFog":true,"showMaterialUpdate":false,"showSkybox":true,"showFlares":true,"showImageEffects":true,"showParticleSystems":true},"in2DMode":false,"pivot":{"x":0.9940167665481567,"y":0.6158633232116699,"z":-2.20920991897583},"rotation":{"x":-0.138133242726326,"y":0.4364265203475952,"z":-0.08519038558006287,"w":-0.8850057721138},"size":1.5111870765686036,"orthographic":false}