{"cameraMode":{"drawMode":0,"name":"Shaded","section":"Shading Mode"},"sceneLighting":false,"audioPlay":false,"sceneViewState":{"showFog":true,"showMaterialUpdate":false,"showSkybox":true,"showFlares":true,"showImageEffects":true,"showParticleSystems":true},"in2DMode":false,"pivot":{"x":-48.875999450683597,"y":4.3006486892700199,"z":151.50021362304688},"rotation":{"x":-0.013168361969292164,"y":-0.061389822512865069,"z":-0.0007766821072436869,"w":0.9981136322021484},"size":1.8895888328552247,"orthographic":false}