{"cameraMode":{"drawMode":0,"name":"Shaded","section":"Shading Mode"},"sceneLighting":false,"audioPlay":false,"sceneViewState":{"showFog":true,"showMaterialUpdate":false,"showSkybox":true,"showFlares":true,"showImageEffects":true,"showParticleSystems":true},"in2DMode":false,"pivot":{"x":9.916814804077149,"y":-0.7694768309593201,"z":7.484355449676514},"rotation":{"x":0.06019146740436554,"y":-0.2264007329940796,"z":0.013909556902945042,"w":0.9721920490264893},"size":10.091999053955079,"orthographic":false}