{"cameraMode":{"drawMode":0,"name":"Shaded","section":"Shading Mode"},"sceneLighting":false,"audioPlay":false,"sceneViewState":{"showFog":true,"showMaterialUpdate":false,"showSkybox":true,"showFlares":true,"showImageEffects":true,"showParticleSystems":true},"in2DMode":false,"pivot":{"x":64.61004638671875,"y":-18.123218536376954,"z":149.90115356445313},"rotation":{"x":-0.06000395491719246,"y":-0.6242013573646545,"z":0.028696559369564058,"w":-0.7784512042999268},"size":6.457332611083984,"orthographic":false}