{"cameraMode":{"drawMode":0,"name":"Shaded","section":"Shading Mode"},"sceneLighting":false,"audioPlay":false,"sceneViewState":{"showFog":true,"showMaterialUpdate":false,"showSkybox":true,"showFlares":true,"showImageEffects":true,"showParticleSystems":true},"in2DMode":false,"pivot":{"x":7.108253479003906,"y":29.04292106628418,"z":45.827857971191409},"rotation":{"x":-0.028512373566627504,"y":-0.9716278314590454,"z":0.16958564519882203,"w":-0.16290545463562013},"size":1.0402010679244996,"orthographic":false}