{"cameraMode":{"drawMode":0,"name":"Shaded","section":"Shading Mode"},"sceneLighting":false,"audioPlay":false,"sceneViewState":{"showFog":true,"showMaterialUpdate":false,"showSkybox":true,"showFlares":true,"showImageEffects":true,"showParticleSystems":true},"in2DMode":false,"pivot":{"x":-1.5030994415283204,"y":0.5536620616912842,"z":-0.9318382740020752},"rotation":{"x":-0.2715495824813843,"y":0.4440557658672333,"z":-0.1618538200855255,"w":-0.8384054899215698},"size":1.5009499788284302,"orthographic":false}