{"cameraMode":{"drawMode":0,"name":"Shaded","section":"Shading Mode"},"sceneLighting":false,"audioPlay":false,"sceneViewState":{"showFog":true,"showMaterialUpdate":false,"showSkybox":true,"showFlares":true,"showImageEffects":true,"showParticleSystems":true},"in2DMode":false,"pivot":{"x":-5.713811874389648,"y":-0.04633188247680664,"z":0.0008192062377929688},"rotation":{"x":-0.10883454978466034,"y":0.4992569088935852,"z":-0.06346066296100617,"w":-0.8573442697525024},"size":13.635786056518555,"orthographic":false}