{"cameraMode":{"drawMode":0,"name":"Shaded","section":"Shading Mode"},"sceneLighting":false,"audioPlay":false,"sceneViewState":{"showFog":true,"showMaterialUpdate":false,"showSkybox":true,"showFlares":true,"showImageEffects":true,"showParticleSystems":true},"in2DMode":false,"pivot":{"x":-6.152805328369141,"y":2.4370906352996828,"z":0.03786659240722656},"rotation":{"x":0.0752207562327385,"y":-0.46598684787750246,"z":0.05702831596136093,"w":0.8797603845596314},"size":13.635787010192871,"orthographic":false}