{"cameraMode":{"drawMode":0,"name":"Shaded","section":"Shading Mode"},"sceneLighting":false,"audioPlay":false,"sceneViewState":{"showFog":true,"showMaterialUpdate":false,"showSkybox":true,"showFlares":true,"showImageEffects":true,"showParticleSystems":true},"in2DMode":false,"pivot":{"x":7.836184978485107,"y":-0.36543071269989016,"z":-5.434972286224365},"rotation":{"x":0.002079738536849618,"y":-0.9980502128601074,"z":0.03774815797805786,"w":0.05194492265582085},"size":10.091999053955079,"orthographic":false}