{"cameraMode":{"drawMode":0,"name":"Shaded","section":"Shading Mode"},"sceneLighting":false,"audioPlay":false,"sceneViewState":{"showFog":true,"showMaterialUpdate":false,"showSkybox":true,"showFlares":true,"showImageEffects":true,"showParticleSystems":true},"in2DMode":false,"pivot":{"x":21.8828125,"y":3.065445899963379,"z":0.44743460416793826},"rotation":{"x":0.13217751681804658,"y":-0.7218340635299683,"z":0.16788507997989655,"w":0.6582900285720825},"size":7.151628494262695,"orthographic":false}