{"cameraMode":{"drawMode":0,"name":"Shaded","section":"Shading Mode"},"sceneLighting":false,"audioPlay":false,"sceneViewState":{"showFog":true,"showMaterialUpdate":false,"showSkybox":true,"showFlares":true,"showImageEffects":true,"showParticleSystems":true},"in2DMode":false,"pivot":{"x":-15.761651992797852,"y":-0.9615926146507263,"z":-3.9472899436950685},"rotation":{"x":0.03542347997426987,"y":-0.8514468669891357,"z":0.05777010694146156,"w":0.5202668905258179},"size":13.115795135498047,"orthographic":false}