{"cameraMode":{"drawMode":0,"name":"Shaded","section":"Shading Mode"},"sceneLighting":false,"audioPlay":false,"sceneViewState":{"showFog":true,"showMaterialUpdate":false,"showSkybox":true,"showFlares":true,"showImageEffects":true,"showParticleSystems":true},"in2DMode":false,"pivot":{"x":28.59987449645996,"y":1.019930362701416,"z":-12.539589881896973},"rotation":{"x":-0.08897938579320908,"y":-0.3701370656490326,"z":-0.03564272075891495,"w":0.9240197539329529},"size":3.2790069580078127,"orthographic":true}