{"cameraMode":{"drawMode":0,"name":"Shaded","section":"Shading Mode"},"sceneLighting":false,"audioPlay":false,"sceneViewState":{"showFog":true,"showMaterialUpdate":false,"showSkybox":true,"showFlares":true,"showImageEffects":true,"showParticleSystems":true},"in2DMode":false,"pivot":{"x":11.025382041931153,"y":-1.582959532737732,"z":1.1072993278503419},"rotation":{"x":0.003485416527837515,"y":-0.9963181018829346,"z":0.04516545683145523,"w":0.07436198741197586},"size":10.207674980163575,"orthographic":false}