{"cameraMode":{"drawMode":0,"name":"Shaded","section":"Shading Mode"},"sceneLighting":false,"audioPlay":false,"sceneViewState":{"showFog":true,"showMaterialUpdate":false,"showSkybox":true,"showFlares":true,"showImageEffects":true,"showParticleSystems":true},"in2DMode":false,"pivot":{"x":2.011279821395874,"y":0.5180584192276001,"z":8.344650268554688e-7},"rotation":{"x":-0.09968707710504532,"y":0.7373591661453247,"z":-0.13545478880405427,"w":-0.6542565226554871},"size":3.5212509632110597,"orthographic":false}