{"cameraMode":{"drawMode":0,"name":"Shaded","section":"Shading Mode"},"sceneLighting":false,"audioPlay":false,"sceneViewState":{"showFog":true,"showMaterialUpdate":false,"showSkybox":true,"showFlares":true,"showImageEffects":true,"showParticleSystems":true},"in2DMode":false,"pivot":{"x":-2.259606122970581,"y":0.34463104605674746,"z":0.46057984232902529},"rotation":{"x":-0.05660722404718399,"y":0.8755666613578796,"z":-0.1410342901945114,"w":-0.4586109519004822},"size":1.4786570072174073,"orthographic":false}